Workbook

Sheet PETUNJUK
A1: TEMPLATE SPRINT LAPANGAN: SAM, NIB, dan SOM (Seato)
A2: Dibuat 2026-10-08. Pasangan dari file draft_semi_final_tam_sam_som.md di folder Market Sizing.
A4: WARNA SEL
A5: Kuning = diisi manual. Hijau muda = hasil rumus, jangan ditimpa.
A7: URUTAN KERJA
A8: 1. Sheet INPUT: isi 'Jumlah kelurahan' per strata dari daftar resmi BPS/Pemda (jangan dari ingatan). Cek parameter lain.
A9: 2. Sheet ACAK: tekan F9 untuk menarik nomor kelurahan acak. SALIN lalu TEMPEL SEBAGAI NILAI (Paste Values) supaya tidak berubah. Ulang tarik jika ada nomor kembar.
A10: 3. Untuk tiap kelurahan terpilih: buka Google Maps (aplikasi/web biasa, bukan scraping), cari 'kedai kopi <kelurahan> <kota>'. Pilih tempat memakai kolom 'posisi daftar' di ACAK (bukan yang paling atas, karena Maps mengutamakan tempat populer).
A11: 4. Sheet DAFTAR_TEMPAT: isi satu baris per tempat. Target minimal 30 tempat per strata (6 strata = 180 baris). Isi dengan penilaian lo sendiri.
A12: 5. Sheet HASIL_SAM menghitung persentase layak + rentang kepercayaan 95% (Wilson) + SAM dalam unit dan Rupiah.
A13: 6. Sheet PERCAKAPAN: catat setiap percakapan. Kolom 'Sumber' WAJIB dibedakan: 'Acak sampel' vs 'Kontak hangat' (10 merchant pilot). Hanya 'Acak sampel' yang dihitung di HASIL_FUNNEL supaya angka tidak bias.
A14: 7. Sheet SOM_KAPASITAS: hitungan SOM dari kapasitas meeting. Ubah parameter di INPUT.
... A26: f. Jangan mengklaim fitur yang belum ada (seat-lock + DP belum jalan) saat percakapan merchant.

Sheet INPUT
A1: INPUT PARAMETER
A3: Parameter | B3: Nilai | C3: Keterangan
A4: ARPM per merchant per bulan (Rp) | B4: 597750 | C4: FOS REVENUE MODEL. Provisional sampai harga subscription (#13) diputuskan.
A5: Retensi bulanan merchant berbayar | B5: 0.95 | C5: Base 95% (disetujui Arif 2026-10-08). Bear 90%, stress 85%.
A6: Meeting/percakapan merchant per minggu | B6: 5 | C6: Kapasitas tim saat ini menurut Dandy (<=5).
A7: Minggu operasi (12 bulan pertama) | B7: 52
A8: Minggu pra-launch yang dipakai untuk meeting | B8: 13 | C8: 3 bulan pra-launch (Marketer/Sales sudah digaji sejak M-3 di Cost Structure).
A9: Close rate rendah | B9: 0.15 | C9: Benchmark SaaS demo-to-close 15-30% (daydream). BUKAN data Seato. Ganti dengan HASIL_FUNNEL.
A10: Close rate tinggi | B10: 0.3 | C10: Lihat di atas.
A11: z untuk rentang kepercayaan 95% | B11: 1.96
A12: Porsi maksimal SAM yang realistis dalam 12 bulan | C12: KOSONGKAN sampai ada dasar. Kosong = SOM hanya dibatasi kapasitas.
A13: Target FOS Low (merchant M12) | B13: 100 | C13: FOS REVENUE MODEL
A14: Target FOS Mid (merchant M12) | B14: 125 | C14: FOS REVENUE MODEL
A15: Target FOS High (merchant M12) | B15: 340 | C15: FOS REVENUE MODEL
A18: STRATA WILAYAH
A19: Strata | B19: N geografi (PoiData, PROVISIONAL) | C19: Jumlah kelurahan (isi dari BPS/Pemda) | D19: Sumber N
A20: Jakarta Selatan | B20: 8552 | D20: PoiData 'South Jakarta City'
A21: Jakarta Timur | B21: 7880 | D21: PoiData 'East Jakarta City'
A22: Jakarta Barat | B22: 6309 | D22: PoiData 'West Jakarta City'
A23: Jakarta Utara | B23: 4199 | D23: PoiData 'North Jakarta City'
A24: Jakarta Pusat + Kep. Seribu | B24: 4053 | D24: TURUNAN: 30.993 (total Jakarta) dikurangi 4 kota di atas. Kep. Seribu di luar scope, koreksi saat Aggregate.
A25: Kota Bandung | B25: 6977 | D25: PoiData 'Bandung City' (Kabupaten Bandung 4.821 tidak dihitung)
A26: Total | B26: =SUM(B20:B25) | D26: Harus 37.970 selama masih memakai angka PoiData awal.

Sheet ACAK
A1: PENARIKAN ACAK (tekan F9, lalu salin & tempel sebagai nilai)
A3: Strata | B3: Kelurahan acak #1 | C3: #2 | D3: #3 | E3: #4 | F3: #5 | G3: #6 | H3: #7 | I3: #8 | J3: #9 | K3: #10
A4: =INPUT!A20 | B4: =IF(INPUT!$C$20="","isi N",RANDBETWEEN(1,INPUT!$C$20)) | C4: =IF(INPUT!$C$20="","isi N",RANDBETWEEN(1,INPUT!$C$20)) | D4: =IF(INPUT!$C$20="","isi N",RANDBETWEEN(1,INPUT!$C$20)) | E4: =IF(INPUT!$C$20="","isi N",RANDBETWEEN(1,INPUT!$C$20)) | F4: =IF(INPUT!$C$20="","isi N",RANDBETWEEN(1,INPUT!$C$20)) | G4: =IF(INPUT!$C$20="","isi N",RANDBETWEEN(1,INPUT!$C$20)) | H4: =IF(INPUT!$C$20="","isi N",RANDBETWEEN(1,INPUT!$C$20)) | I4: =IF(INPUT!$C$20="","isi N",RANDBETWEEN(1,INPUT!$C$20)) | ... K4: =IF(INPUT!$C$20="","isi N",RANDBETWEEN(1,INPUT!$C$20))
A5: =INPUT!A21 | B5: =IF(INPUT!$C$21="","isi N",RANDBETWEEN(1,INPUT!$C$21)) | C5: =IF(INPUT!$C$21="","isi N",RANDBETWEEN(1,INPUT!$C$21)) | D5: =IF(INPUT!$C$21="","isi N",RANDBETWEEN(1,INPUT!$C$21)) | E5: =IF(INPUT!$C$21="","isi N",RANDBETWEEN(1,INPUT!$C$21)) | F5: =IF(INPUT!$C$21="","isi N",RANDBETWEEN(1,INPUT!$C$21)) | G5: =IF(INPUT!$C$21="","isi N",RANDBETWEEN(1,INPUT!$C$21)) | H5: =IF(INPUT!$C$21="","isi N",RANDBETWEEN(1,INPUT!$C$21)) | I5: =IF(INPUT!$C$21="","isi N",RANDBETWEEN(1,INPUT!$C$21)) | ... K5: =IF(INPUT!$C$21="","isi N",RANDBETWEEN(1,INPUT!$C$21))
A6: =INPUT!A22 | B6: =IF(INPUT!$C$22="","isi N",RANDBETWEEN(1,INPUT!$C$22)) | C6: =IF(INPUT!$C$22="","isi N",RANDBETWEEN(1,INPUT!$C$22)) | D6: =IF(INPUT!$C$22="","isi N",RANDBETWEEN(1,INPUT!$C$22)) | E6: =IF(INPUT!$C$22="","isi N",RANDBETWEEN(1,INPUT!$C$22)) | F6: =IF(INPUT!$C$22="","isi N",RANDBETWEEN(1,INPUT!$C$22)) | G6: =IF(INPUT!$C$22="","isi N",RANDBETWEEN(1,INPUT!$C$22)) | H6: =IF(INPUT!$C$22="","isi N",RANDBETWEEN(1,INPUT!$C$22)) | I6: =IF(INPUT!$C$22="","isi N",RANDBETWEEN(1,INPUT!$C$22)) | ... K6: =IF(INPUT!$C$22="","isi N",RANDBETWEEN(1,INPUT!$C$22))
A7: =INPUT!A23 | B7: =IF(INPUT!$C$23="","isi N",RANDBETWEEN(1,INPUT!$C$23)) | C7: =IF(INPUT!$C$23="","isi N",RANDBETWEEN(1,INPUT!$C$23)) | D7: =IF(INPUT!$C$23="","isi N",RANDBETWEEN(1,INPUT!$C$23)) | E7: =IF(INPUT!$C$23="","isi N",RANDBETWEEN(1,INPUT!$C$23)) | F7: =IF(INPUT!$C$23="","isi N",RANDBETWEEN(1,INPUT!$C$23)) | G7: =IF(INPUT!$C$23="","isi N",RANDBETWEEN(1,INPUT!$C$23)) | H7: =IF(INPUT!$C$23="","isi N",RANDBETWEEN(1,INPUT!$C$23)) | I7: =IF(INPUT!$C$23="","isi N",RANDBETWEEN(1,INPUT!$C$23)) | ... K7: =IF(INPUT!$C$23="","isi N",RANDBETWEEN(1,INPUT!$C$23))
A8: =INPUT!A24 | B8: =IF(INPUT!$C$24="","isi N",RANDBETWEEN(1,INPUT!$C$24)) | C8: =IF(INPUT!$C$24="","isi N",RANDBETWEEN(1,INPUT!$C$24)) | D8: =IF(INPUT!$C$24="","isi N",RANDBETWEEN(1,INPUT!$C$24)) | E8: =IF(INPUT!$C$24="","isi N",RANDBETWEEN(1,INPUT!$C$24)) | F8: =IF(INPUT!$C$24="","isi N",RANDBETWEEN(1,INPUT!$C$24)) | G8: =IF(INPUT!$C$24="","isi N",RANDBETWEEN(1,INPUT!$C$24)) | H8: =IF(INPUT!$C$24="","isi N",RANDBETWEEN(1,INPUT!$C$24)) | I8: =IF(INPUT!$C$24="","isi N",RANDBETWEEN(1,INPUT!$C$24)) | ... K8: =IF(INPUT!$C$24="","isi N",RANDBETWEEN(1,INPUT!$C$24))
A9: =INPUT!A25 | B9: =IF(INPUT!$C$25="","isi N",RANDBETWEEN(1,INPUT!$C$25)) | C9: =IF(INPUT!$C$25="","isi N",RANDBETWEEN(1,INPUT!$C$25)) | D9: =IF(INPUT!$C$25="","isi N",RANDBETWEEN(1,INPUT!$C$25)) | E9: =IF(INPUT!$C$25="","isi N",RANDBETWEEN(1,INPUT!$C$25)) | F9: =IF(INPUT!$C$25="","isi N",RANDBETWEEN(1,INPUT!$C$25)) | G9: =IF(INPUT!$C$25="","isi N",RANDBETWEEN(1,INPUT!$C$25)) | H9: =IF(INPUT!$C$25="","isi N",RANDBETWEEN(1,INPUT!$C$25)) | I9: =IF(INPUT!$C$25="","isi N",RANDBETWEEN(1,INPUT!$C$25)) | ... K9: =IF(INPUT!$C$25="","isi N",RANDBETWEEN(1,INPUT!$C$25))
A12: Nomor di atas = urutan kelurahan pada daftar resmi yang diurutkan alfabet. Jika ada nomor kembar dalam satu baris, tarik ulang (F9).
A14: Posisi tempat acak di daftar hasil Maps (untuk memilih tempat, bukan yang teratas)
A15: Pengundian | B15: Posisi #1 | C15: #2 | D15: #3 | E15: #4 | F15: #5 | G15: #6
A16: Kelurahan ke-1 | B16: =RANDBETWEEN(1,30) | C16: =RANDBETWEEN(1,30) | D16: =RANDBETWEEN(1,30) | E16: =RANDBETWEEN(1,30) | F16: =RANDBETWEEN(1,30) | G16: =RANDBETWEEN(1,30)
A17: Kelurahan ke-2 | B17: =RANDBETWEEN(1,30) | C17: =RANDBETWEEN(1,30) | D17: =RANDBETWEEN(1,30) | E17: =RANDBETWEEN(1,30) | F17: =RANDBETWEEN(1,30) | G17: =RANDBETWEEN(1,30)
A18: Kelurahan ke-3 | B18: =RANDBETWEEN(1,30) | C18: =RANDBETWEEN(1,30) | D18: =RANDBETWEEN(1,30) | E18: =RANDBETWEEN(1,30) | F18: =RANDBETWEEN(1,30) | G18: =RANDBETWEEN(1,30)
A19: Kelurahan ke-4 | B19: =RANDBETWEEN(1,30) | C19: =RANDBETWEEN(1,30) | D19: =RANDBETWEEN(1,30) | E19: =RANDBETWEEN(1,30) | F19: =RANDBETWEEN(1,30) | G19: =RANDBETWEEN(1,30)
A20: Kelurahan ke-5 | B20: =RANDBETWEEN(1,30) | C20: =RANDBETWEEN(1,30) | D20: =RANDBETWEEN(1,30) | E20: =RANDBETWEEN(1,30) | F20: =RANDBETWEEN(1,30) | G20: =RANDBETWEEN(1,30)
A22: Jika daftar Maps untuk kelurahan itu kurang dari 30 tempat, pakai posisi yang <= jumlah tempat. Catat posisi yang dipakai di kolom Catatan DAFTAR_TEMPAT.

Sheet DAFTAR_TEMPAT
A1: ID | B1: Strata | C1: Kelurahan | D1: Nama tempat | E1: Tanggal dicek | F1: Status di Maps | G1: Jenis | H1: Berkursi/dine-in | I1: Kanal digital | J1: IG aktif (<=30 hari) | K1: Jumlah review | L1: Catatan (posisi daftar, 'tidak jelas', dll) | M1: LAYAK (1/0)
A2: 1 | M2: =IF(OR(B2="",F2="",G2=""),"",IF(OR(F2<>"Buka",G2<>"Coffee shop/kafe"),0,IF(OR(H2="",I2=""),"",IF(AND(H2="Ya",I2<>"Tidak ada"),1,0))))
A3: 2 | M3: =IF(OR(B3="",F3="",G3=""),"",IF(OR(F3<>"Buka",G3<>"Coffee shop/kafe"),0,IF(OR(H3="",I3=""),"",IF(AND(H3="Ya",I3<>"Tidak ada"),1,0))))
A4: 3 | M4: =IF(OR(B4="",F4="",G4=""),"",IF(OR(F4<>"Buka",G4<>"Coffee shop/kafe"),0,IF(OR(H4="",I4=""),"",IF(AND(H4="Ya",I4<>"Tidak ada"),1,0))))
A5: 4 | M5: =IF(OR(B5="",F5="",G5=""),"",IF(OR(F5<>"Buka",G5<>"Coffee shop/kafe"),0,IF(OR(H5="",I5=""),"",IF(AND(H5="Ya",I5<>"Tidak ada"),1,0))))
A6: 5 | M6: =IF(OR(B6="",F6="",G6=""),"",IF(OR(F6<>"Buka",G6<>"Coffee shop/kafe"),0,IF(OR(H6="",I6=""),"",IF(AND(H6="Ya",I6<>"Tidak ada"),1,0))))
A7: 6 | M7: =IF(OR(B7="",F7="",G7=""),"",IF(OR(F7<>"Buka",G7<>"Coffee shop/kafe"),0,IF(OR(H7="",I7=""),"",IF(AND(H7="Ya",I7<>"Tidak ada"),1,0))))
A8: 7 | M8: =IF(OR(B8="",F8="",G8=""),"",IF(OR(F8<>"Buka",G8<>"Coffee shop/kafe"),0,IF(OR(H8="",I8=""),"",IF(AND(H8="Ya",I8<>"Tidak ada"),1,0))))
A9: 8 | M9: =IF(OR(B9="",F9="",G9=""),"",IF(OR(F9<>"Buka",G9<>"Coffee shop/kafe"),0,IF(OR(H9="",I9=""),"",IF(AND(H9="Ya",I9<>"Tidak ada"),1,0))))
A10: 9 | M10: =IF(OR(B10="",F10="",G10=""),"",IF(OR(F10<>"Buka",G10<>"Coffee shop/kafe"),0,IF(OR(H10="",I10=""),"",IF(AND(H10="Ya",I10<>"Tidak ada"),1,0))))
A11: 10 | M11: =IF(OR(B11="",F11="",G11=""),"",IF(OR(F11<>"Buka",G11<>"Coffee shop/kafe"),0,IF(OR(H11="",I11=""),"",IF(AND(H11="Ya",I11<>"Tidak ada"),1,0))))
A12: 11 | M12: =IF(OR(B12="",F12="",G12=""),"",IF(OR(F12<>"Buka",G12<>"Coffee shop/kafe"),0,IF(OR(H12="",I12=""),"",IF(AND(H12="Ya",I12<>"Tidak ada"),1,0))))
A13: 12 | M13: =IF(OR(B13="",F13="",G13=""),"",IF(OR(F13<>"Buka",G13<>"Coffee shop/kafe"),0,IF(OR(H13="",I13=""),"",IF(AND(H13="Ya",I13<>"Tidak ada"),1,0))))
... A201: 200 | M201: =IF(OR(B201="",F201="",G201=""),"",IF(OR(F201<>"Buka",G201<>"Coffee shop/kafe"),0,IF(OR(H201="",I201=""),"",IF(AND(H201="Ya",I201<>"Tidak ada"),1,0))))

Sheet HASIL_SAM
A1: HASIL SAM (otomatis dari DAFTAR_TEMPAT)
A4: Strata | B4: N geografi | C4: n sampel | D4: k layak | E4: p layak | F4: p bawah (95%) | G4: p atas (95%) | H4: SAM bawah | I4: SAM tengah | J4: SAM atas | K4: % tutup permanen | L4: % bukan coffee shop | M4: Peringatan
A5: =INPUT!A20 | B5: =INPUT!B20 | C5: =COUNTIFS(DAFTAR_TEMPAT!$B$2:$B$201,A5,DAFTAR_TEMPAT!$M$2:$M$201,">=0") | D5: =SUMIFS(DAFTAR_TEMPAT!$M$2:$M$201,DAFTAR_TEMPAT!$B$2:$B$201,A5) | E5: =IF(C5=0,"",D5/C5) | F5: =IF(C5=0,"",(E5+INPUT!$B$11^2/(2*C5)-INPUT!$B$11*SQRT(E5*(1-E5)/C5+INPUT!$B$11^2/(4*C5^2)))/(1+INPUT!$B$11^2/C5)) | G5: =IF(C5=0,"",(E5+INPUT!$B$11^2/(2*C5)+INPUT!$B$11*SQRT(E5*(1-E5)/C5+INPUT!$B$11^2/(4*C5^2)))/(1+INPUT!$B$11^2/C5)) | H5: =IF(C5=0,"",B5*F5) | I5: =IF(C5=0,"",B5*E5) | J5: =IF(C5=0,"",B5*G5) | K5: =IF(C5=0,"",COUNTIFS(DAFTAR_TEMPAT!$B$2:$B$201,A5,DAFTAR_TEMPAT!$F$2:$F$201,"Tutup permanen")/C5) | L5: =IF(C5=0,"",COUNTIFS(DAFTAR_TEMPAT!$B$2:$B$201,A5,DAFTAR_TEMPAT!$G$2:$G$201,"Bukan coffee shop")/C5) | M5: =IF(C5<30,"n<30: rentang sangat lebar","")
A6: =INPUT!A21 | B6: =INPUT!B21 | C6: =COUNTIFS(DAFTAR_TEMPAT!$B$2:$B$201,A6,DAFTAR_TEMPAT!$M$2:$M$201,">=0") | D6: =SUMIFS(DAFTAR_TEMPAT!$M$2:$M$201,DAFTAR_TEMPAT!$B$2:$B$201,A6) | E6: =IF(C6=0,"",D6/C6) | F6: =IF(C6=0,"",(E6+INPUT!$B$11^2/(2*C6)-INPUT!$B$11*SQRT(E6*(1-E6)/C6+INPUT!$B$11^2/(4*C6^2)))/(1+INPUT!$B$11^2/C6)) | G6: =IF(C6=0,"",(E6+INPUT!$B$11^2/(2*C6)+INPUT!$B$11*SQRT(E6*(1-E6)/C6+INPUT!$B$11^2/(4*C6^2)))/(1+INPUT!$B$11^2/C6)) | H6: =IF(C6=0,"",B6*F6) | I6: =IF(C6=0,"",B6*E6) | J6: =IF(C6=0,"",B6*G6) | K6: =IF(C6=0,"",COUNTIFS(DAFTAR_TEMPAT!$B$2:$B$201,A6,DAFTAR_TEMPAT!$F$2:$F$201,"Tutup permanen")/C6) | L6: =IF(C6=0,"",COUNTIFS(DAFTAR_TEMPAT!$B$2:$B$201,A6,DAFTAR_TEMPAT!$G$2:$G$201,"Bukan coffee shop")/C6) | M6: =IF(C6<30,"n<30: rentang sangat lebar","")
A7: =INPUT!A22 | B7: =INPUT!B22 | C7: =COUNTIFS(DAFTAR_TEMPAT!$B$2:$B$201,A7,DAFTAR_TEMPAT!$M$2:$M$201,">=0") | D7: =SUMIFS(DAFTAR_TEMPAT!$M$2:$M$201,DAFTAR_TEMPAT!$B$2:$B$201,A7) | E7: =IF(C7=0,"",D7/C7) | F7: =IF(C7=0,"",(E7+INPUT!$B$11^2/(2*C7)-INPUT!$B$11*SQRT(E7*(1-E7)/C7+INPUT!$B$11^2/(4*C7^2)))/(1+INPUT!$B$11^2/C7)) | G7: =IF(C7=0,"",(E7+INPUT!$B$11^2/(2*C7)+INPUT!$B$11*SQRT(E7*(1-E7)/C7+INPUT!$B$11^2/(4*C7^2)))/(1+INPUT!$B$11^2/C7)) | H7: =IF(C7=0,"",B7*F7) | I7: =IF(C7=0,"",B7*E7) | J7: =IF(C7=0,"",B7*G7) | K7: =IF(C7=0,"",COUNTIFS(DAFTAR_TEMPAT!$B$2:$B$201,A7,DAFTAR_TEMPAT!$F$2:$F$201,"Tutup permanen")/C7) | L7: =IF(C7=0,"",COUNTIFS(DAFTAR_TEMPAT!$B$2:$B$201,A7,DAFTAR_TEMPAT!$G$2:$G$201,"Bukan coffee shop")/C7) | M7: =IF(C7<30,"n<30: rentang sangat lebar","")
A8: =INPUT!A23 | B8: =INPUT!B23 | C8: =COUNTIFS(DAFTAR_TEMPAT!$B$2:$B$201,A8,DAFTAR_TEMPAT!$M$2:$M$201,">=0") | D8: =SUMIFS(DAFTAR_TEMPAT!$M$2:$M$201,DAFTAR_TEMPAT!$B$2:$B$201,A8) | E8: =IF(C8=0,"",D8/C8) | F8: =IF(C8=0,"",(E8+INPUT!$B$11^2/(2*C8)-INPUT!$B$11*SQRT(E8*(1-E8)/C8+INPUT!$B$11^2/(4*C8^2)))/(1+INPUT!$B$11^2/C8)) | G8: =IF(C8=0,"",(E8+INPUT!$B$11^2/(2*C8)+INPUT!$B$11*SQRT(E8*(1-E8)/C8+INPUT!$B$11^2/(4*C8^2)))/(1+INPUT!$B$11^2/C8)) | H8: =IF(C8=0,"",B8*F8) | I8: =IF(C8=0,"",B8*E8) | J8: =IF(C8=0,"",B8*G8) | K8: =IF(C8=0,"",COUNTIFS(DAFTAR_TEMPAT!$B$2:$B$201,A8,DAFTAR_TEMPAT!$F$2:$F$201,"Tutup permanen")/C8) | L8: =IF(C8=0,"",COUNTIFS(DAFTAR_TEMPAT!$B$2:$B$201,A8,DAFTAR_TEMPAT!$G$2:$G$201,"Bukan coffee shop")/C8) | M8: =IF(C8<30,"n<30: rentang sangat lebar","")
A9: =INPUT!A24 | B9: =INPUT!B24 | C9: =COUNTIFS(DAFTAR_TEMPAT!$B$2:$B$201,A9,DAFTAR_TEMPAT!$M$2:$M$201,">=0") | D9: =SUMIFS(DAFTAR_TEMPAT!$M$2:$M$201,DAFTAR_TEMPAT!$B$2:$B$201,A9) | E9: =IF(C9=0,"",D9/C9) | F9: =IF(C9=0,"",(E9+INPUT!$B$11^2/(2*C9)-INPUT!$B$11*SQRT(E9*(1-E9)/C9+INPUT!$B$11^2/(4*C9^2)))/(1+INPUT!$B$11^2/C9)) | G9: =IF(C9=0,"",(E9+INPUT!$B$11^2/(2*C9)+INPUT!$B$11*SQRT(E9*(1-E9)/C9+INPUT!$B$11^2/(4*C9^2)))/(1+INPUT!$B$11^2/C9)) | H9: =IF(C9=0,"",B9*F9) | I9: =IF(C9=0,"",B9*E9) | J9: =IF(C9=0,"",B9*G9) | K9: =IF(C9=0,"",COUNTIFS(DAFTAR_TEMPAT!$B$2:$B$201,A9,DAFTAR_TEMPAT!$F$2:$F$201,"Tutup permanen")/C9) | L9: =IF(C9=0,"",COUNTIFS(DAFTAR_TEMPAT!$B$2:$B$201,A9,DAFTAR_TEMPAT!$G$2:$G$201,"Bukan coffee shop")/C9) | M9: =IF(C9<30,"n<30: rentang sangat lebar","")
A10: =INPUT!A25 | B10: =INPUT!B25 | C10: =COUNTIFS(DAFTAR_TEMPAT!$B$2:$B$201,A10,DAFTAR_TEMPAT!$M$2:$M$201,">=0") | D10: =SUMIFS(DAFTAR_TEMPAT!$M$2:$M$201,DAFTAR_TEMPAT!$B$2:$B$201,A10) | E10: =IF(C10=0,"",D10/C10) | F10: =IF(C10=0,"",(E10+INPUT!$B$11^2/(2*C10)-INPUT!$B$11*SQRT(E10*(1-E10)/C10+INPUT!$B$11^2/(4*C10^2)))/(1+INPUT!$B$11^2/C10)) | G10: =IF(C10=0,"",(E10+INPUT!$B$11^2/(2*C10)+INPUT!$B$11*SQRT(E10*(1-E10)/C10+INPUT!$B$11^2/(4*C10^2)))/(1+INPUT!$B$11^2/C10)) | H10: =IF(C10=0,"",B10*F10) | I10: =IF(C10=0,"",B10*E10) | J10: =IF(C10=0,"",B10*G10) | K10: =IF(C10=0,"",COUNTIFS(DAFTAR_TEMPAT!$B$2:$B$201,A10,DAFTAR_TEMPAT!$F$2:$F$201,"Tutup permanen")/C10) | L10: =IF(C10=0,"",COUNTIFS(DAFTAR_TEMPAT!$B$2:$B$201,A10,DAFTAR_TEMPAT!$G$2:$G$201,"Bukan coffee shop")/C10) | M10: =IF(C10<30,"n<30: rentang sangat lebar","")
A11: TOTAL | B11: =SUM(B5:B10) | C11: =SUM(C5:C10) | D11: =SUM(D5:D10) | H11: =SUM(H5:H10) | I11: =SUM(I5:I10) | J11: =SUM(J5:J10) | M11: =IF(COUNTIF(C5:C10,"<30")>0,"Ada strata dengan n<30: total belum bisa dipakai di deck","")
A13: NILAI SAM (Rp per tahun) = SAM x ARPM x 12 | H13: =H11*INPUT!$B$4*12 | I13: =I11*INPUT!$B$4*12 | J13: =J11*INPUT!$B$4*12
A15: SAM tengah sebagai % dari N geografi total | I15: =IF(B11=0,"",I11/B11)
A17: Catatan: rentang total adalah penjumlahan batas bawah/atas per strata (konservatif). N geografi masih PROVISIONAL (PoiData). Sampel dari Maps bias ke tempat populer.

Sheet PERCAKAPAN
A1: ID tempat (dari DAFTAR_TEMPAT) / nama jika kontak hangat | B1: Tanggal | C1: Sumber | D1: Kanal | E1: Tersambung | F1: Lawan bicara | G1: Ada NIB | H1: Minat konsep availability+reservasi (1-5) | I1: Minat bundel 1-dapat-3 | J1: Tier diminati | K1: Harga wajar versi merchant (Rp/bulan) | L1: Bersedia LOI | M1: Alasan jika tidak | N1: Catatan | O1: Harga (otomatis, hanya Acak sampel)
O2: =IF(AND(C2="Acak sampel",ISNUMBER(K2)),K2,"")
O3: =IF(AND(C3="Acak sampel",ISNUMBER(K3)),K3,"")
O4: =IF(AND(C4="Acak sampel",ISNUMBER(K4)),K4,"")
O5: =IF(AND(C5="Acak sampel",ISNUMBER(K5)),K5,"")
O6: =IF(AND(C6="Acak sampel",ISNUMBER(K6)),K6,"")
O7: =IF(AND(C7="Acak sampel",ISNUMBER(K7)),K7,"")
O8: =IF(AND(C8="Acak sampel",ISNUMBER(K8)),K8,"")
O9: =IF(AND(C9="Acak sampel",ISNUMBER(K9)),K9,"")
O10: =IF(AND(C10="Acak sampel",ISNUMBER(K10)),K10,"")
O11: =IF(AND(C11="Acak sampel",ISNUMBER(K11)),K11,"")
O12: =IF(AND(C12="Acak sampel",ISNUMBER(K12)),K12,"")
O13: =IF(AND(C13="Acak sampel",ISNUMBER(K13)),K13,"")
... O101: =IF(AND(C101="Acak sampel",ISNUMBER(K101)),K101,"")

Sheet HASIL_FUNNEL
A1: HASIL FUNNEL (hanya Sumber = 'Acak sampel')
A3: Metrik | B3: Pembilang | C3: Penyebut | D3: Persentase | E3: Bawah (95%) | F3: Atas (95%) | G3: Catatan
A4: Tersambung dari total kontak | B4: =COUNTIFS(PERCAKAPAN!$C$2:$C$101,"Acak sampel",PERCAKAPAN!$E$2:$E$101,"Ya") | C4: =COUNTIF(PERCAKAPAN!$C$2:$C$101,"Acak sampel") | D4: =IF(C4=0,"",B4/C4) | E4: =IF(C4=0,"",(D4+INPUT!$B$11^2/(2*C4)-INPUT!$B$11*SQRT(D4*(1-D4)/C4+INPUT!$B$11^2/(4*C4^2)))/(1+INPUT!$B$11^2/C4)) | F4: =IF(C4=0,"",(D4+INPUT!$B$11^2/(2*C4)+INPUT!$B$11*SQRT(D4*(1-D4)/C4+INPUT!$B$11^2/(4*C4^2)))/(1+INPUT!$B$11^2/C4)) | G4: Tingkat keberhasilan menjangkau. Dasar untuk menghitung kontak yang dibutuhkan per percakapan.
A5: Punya NIB (dari yang tersambung & menjawab) | B5: =COUNTIFS(PERCAKAPAN!$C$2:$C$101,"Acak sampel",PERCAKAPAN!$E$2:$E$101,"Ya",PERCAKAPAN!$G$2:$G$101,"Ya") | C5: =SUMPRODUCT((PERCAKAPAN!$C$2:$C$101="Acak sampel")*(PERCAKAPAN!$E$2:$E$101="Ya")*(PERCAKAPAN!$G$2:$G$101<>"")) | D5: =IF(C5=0,"",B5/C5) | E5: =IF(C5=0,"",(D5+INPUT!$B$11^2/(2*C5)-INPUT!$B$11*SQRT(D5*(1-D5)/C5+INPUT!$B$11^2/(4*C5^2)))/(1+INPUT!$B$11^2/C5)) | F5: =IF(C5=0,"",(D5+INPUT!$B$11^2/(2*C5)+INPUT!$B$11*SQRT(D5*(1-D5)/C5+INPUT!$B$11^2/(4*C5^2)))/(1+INPUT!$B$11^2/C5)) | G5: Jawaban backlog #3. 'Tidak tahu' dihitung sebagai bukan NIB; catat jumlahnya di Catatan.
A6: Minat bundel = Ya (dari yang tersambung) | B6: =COUNTIFS(PERCAKAPAN!$C$2:$C$101,"Acak sampel",PERCAKAPAN!$E$2:$E$101,"Ya",PERCAKAPAN!$I$2:$I$101,"Ya") | C6: =SUMPRODUCT((PERCAKAPAN!$C$2:$C$101="Acak sampel")*(PERCAKAPAN!$E$2:$E$101="Ya")*(PERCAKAPAN!$I$2:$I$101<>"")) | D6: =IF(C6=0,"",B6/C6) | E6: =IF(C6=0,"",(D6+INPUT!$B$11^2/(2*C6)-INPUT!$B$11*SQRT(D6*(1-D6)/C6+INPUT!$B$11^2/(4*C6^2)))/(1+INPUT!$B$11^2/C6)) | F6: =IF(C6=0,"",(D6+INPUT!$B$11^2/(2*C6)+INPUT!$B$11*SQRT(D6*(1-D6)/C6+INPUT!$B$11^2/(4*C6^2)))/(1+INPUT!$B$11^2/C6)) | G6: Minat lisan bukan pembelian. Jangan diperlakukan sebagai close rate.
A7: Bersedia LOI = Ya (dari yang tersambung) | B7: =COUNTIFS(PERCAKAPAN!$C$2:$C$101,"Acak sampel",PERCAKAPAN!$E$2:$E$101,"Ya",PERCAKAPAN!$L$2:$L$101,"Ya") | C7: =SUMPRODUCT((PERCAKAPAN!$C$2:$C$101="Acak sampel")*(PERCAKAPAN!$E$2:$E$101="Ya")*(PERCAKAPAN!$L$2:$L$101<>"")) | D7: =IF(C7=0,"",B7/C7) | E7: =IF(C7=0,"",(D7+INPUT!$B$11^2/(2*C7)-INPUT!$B$11*SQRT(D7*(1-D7)/C7+INPUT!$B$11^2/(4*C7^2)))/(1+INPUT!$B$11^2/C7)) | F7: =IF(C7=0,"",(D7+INPUT!$B$11^2/(2*C7)+INPUT!$B$11*SQRT(D7*(1-D7)/C7+INPUT!$B$11^2/(4*C7^2)))/(1+INPUT!$B$11^2/C7)) | G7: Kandidat close rate dingin (versi longgar). Close rate sebenarnya baru terukur saat bundel dibayar.
A9: Kontak per percakapan berhasil | B9: =IF(B4=0,"",C4/B4)
A10: Kontak per LOI | B10: =IF(B7=0,"",C4/B7)
A11: Median harga wajar versi merchant (Rp/bulan) | B11: =IF(COUNT(PERCAKAPAN!$O$2:$O$101)=0,"",MEDIAN(PERCAKAPAN!$O$2:$O$101)) | G11: Masukan untuk #13 (harga subscription). Bandingkan dengan Rp299rb / Rp599rb / Rp799rb.
A13: Bacaan: persentase dengan n kecil (<20) sangat lebar rentangnya. Jangan dipakai sebagai angka tunggal di deck.

Sheet SOM_KAPASITAS
A1: SOM DARI KAPASITAS (merchant berbayar aktif di M12)
A3: Meeting per tahun operasi | B3: =INPUT!B6*INPUT!B7
A4: Meeting pra-launch | B4: =INPUT!B6*INPUT!B8
A5: Retensi bulanan | B5: =INPUT!B5
A6: Rata-rata survival kohort yang masuk sepanjang tahun (sampai M12) | B6: =IF(B5=1,1,(1-B5^12)/(12*(1-B5)))
A7: Survival kohort pra-launch sampai M12 | B7: =B5^12
A9: Hasil | B9: Close rate rendah | C9: Close rate tinggi | E9: Catatan
A10: Close rate dipakai | B10: =INPUT!B9 | C10: =INPUT!B10
A11: Sign-up kotor (berbayar sejak awal, karena bundel dibayar di muka) | B11: =(($B$3+$B$4)*B$10) | C11: =(($B$3+$B$4)*C$10)
A12: Merchant aktif di M12 (kapasitas) | B12: =B$10*($B$3*$B$6+$B$4*$B$7) | C12: =C$10*($B$3*$B$6+$B$4*$B$7) | E12: Pendekatan kohort seragam: sign-up merata sepanjang tahun, retensi konstan, tanpa kurva ramp.
A13: Batas porsi SAM (jika diisi di INPUT) | B13: =IF(INPUT!$B$12="","",HASIL_SAM!$I$11*INPUT!$B$12) | C13: =IF(INPUT!$B$12="","",HASIL_SAM!$I$11*INPUT!$B$12) | E13: Hanya dihitung bila porsi SAM diisi dan HASIL_SAM sudah terisi.
A14: SOM kandidat = min(kapasitas, batas SAM) | B14: =IF(INPUT!$B$12="",B$10*($B$3*$B$6+$B$4*$B$7),MIN(B$10*($B$3*$B$6+$B$4*$B$7),HASIL_SAM!$I$11*INPUT!$B$12)) | C14: =IF(INPUT!$B$12="",C$10*($B$3*$B$6+$B$4*$B$7),MIN(C$10*($B$3*$B$6+$B$4*$B$7),HASIL_SAM!$I$11*INPUT!$B$12))
A15: SOM kandidat sebagai % SAM tengah (uji kewajaran investor) | B15: =IF(OR(HASIL_SAM!$I$11=0,HASIL_SAM!$I$11=""),"",B14/HASIL_SAM!$I$11) | C15: =IF(OR(HASIL_SAM!$I$11=0,HASIL_SAM!$I$11=""),"",C14/HASIL_SAM!$I$11)
A18: MEETING PER MINGGU YANG DIBUTUHKAN UNTUK TARGET FOS
A19: Target | B19: Merchant M12 | C19: Perlu (close rendah) | D19: Perlu (close tinggi) | E19: Catatan
A20: FOS Low | B20: =INPUT!$B$13 | C20: =B20/(INPUT!$B$9*(INPUT!$B$7*$B$6+INPUT!$B$8*$B$7)) | D20: =B20/(INPUT!$B$10*(INPUT!$B$7*$B$6+INPUT!$B$8*$B$7)) | E20: Bandingkan dengan INPUT!B6 (kapasitas saat ini).
A21: FOS Mid | B21: =INPUT!$B$14 | C21: =B21/(INPUT!$B$9*(INPUT!$B$7*$B$6+INPUT!$B$8*$B$7)) | D21: =B21/(INPUT!$B$10*(INPUT!$B$7*$B$6+INPUT!$B$8*$B$7))
A22: FOS High | B22: =INPUT!$B$15 | C22: =B22/(INPUT!$B$9*(INPUT!$B$7*$B$6+INPUT!$B$8*$B$7)) | D22: =B22/(INPUT!$B$10*(INPUT!$B$7*$B$6+INPUT!$B$8*$B$7)) | E22: Selisih kecil dengan angka di draft (27-55) wajar: draft memakai kurva bulanan FOS.
